"","EAIC","EBIC","LOOIC","WAIC"
"M1_MFMM",21007.062986889,21338.9361323971,24478.8487272905,23716.5550192424
"M1_hippo",21004.1490068526,21382.1156447923,24283.3277951257,23625.5322509927
"M1_whole",20973.3895797516,21328.3094714755,24225.2459729475,23605.6353051757
"M2_MFMM",20934.3690959972,21261.6328922621,24249.6804633984,23616.5525680377
"M2_hippo",20937.7351694439,21311.0924581404,24247.4709942059,23575.3489587743
"M2_whole",20922.0788581059,21272.3894005867,24214.157286221,23562.3665344011
